symbol,name,weight,shares_held,market_value
MSFT,Microsoft Corp,7.29%,87600000.0,39600000000.0
NVDA,NVIDIA Corp,6.74%,289800000.0,39600000000.0
AAPL,Apple Inc,6.67%,169800000.0,39600000000.0
AMZN,Amazon.com Inc,3.85%,107900000.0,39600000000.0
META,Meta Platforms Inc Class A,2.44%,25800000.0,39600000000.0
GOOGL,Alphabet Inc Class A,2.34%,69200000.0,39600000000.0
GOOG,Alphabet Inc Class C,1.96%,57600000.0,39600000000.0
BRK/B,Berkshire Hathaway Inc Class B,1.61%,21300000.0,39600000000.0
LLY,Eli Lilly and Co,1.56%,9400000.0,39600000000.0
AVGO,Broadcom Inc,1.50%,5100000.0,39600000000.0
JPM,JPMorgan Chase & Co,1.23%,33800000.0,39600000000.0
TSLA,Tesla Inc,1.18%,32700000.000000004,39600000000.0
XOM,Exxon Mobil Corp,1.11%,52900000.0,39600000000.0
UNH,UnitedHealth Group Inc,0.97%,10800000.0,39600000000.0
V,Visa Inc Class A,0.93%,18500000.0,39600000000.0
PG,Procter & Gamble Co,0.86%,27800000.0,39600000000.0
COST,Costco Wholesale Corp,0.83%,5200000.0,39600000000.0
MA,Mastercard Inc Class A,0.81%,9700000.0,39600000000.0
JNJ,Johnson & Johnson,0.77%,28400000.0,39600000000.0
HD,The Home Depot Inc,0.73%,11700000.0,39600000000.0
MRK,Merck & Co Inc,0.72%,29900000.0,39600000000.0
ABBV,AbbVie Inc,0.66%,20800000.0,39600000000.0
NFLX,Netflix Inc,0.63%,5100000.0,39600000000.0
WMT,Walmart Inc,0.63%,50300000.0,39600000000.0
BAC,Bank of America Corp,0.58%,80200000.0,39600000000.0
CVX,Chevron Corp,0.58%,20200000.0,39600000000.0
AMD,Advanced Micro Devices Inc,0.55%,19000000.0,39600000000.0
KO,Coca-Cola Co,0.54%,45700000.0,39600000000.0
ADBE,Adobe Inc,0.51%,5300000.0,39600000000.0
CRM,Salesforce Inc,0.51%,11400000.0,39600000000.0
PEP,PepsiCo Inc,0.50%,16200000.0,39600000000.0
QCOM,Qualcomm Inc,0.48%,13200000.0,39600000000.0
ORCL,Oracle Corp,0.48%,18800000.0,39600000000.0
LIN,Linde PLC,0.46%,5700000.0,39600000000.0
TMO,Thermo Fisher Scientific Inc,0.46%,4500000.0,39600000000.0
WFC,Wells Fargo & Co,0.43%,41100000.0,39600000000.0
AMAT,Applied Materials Inc,0.42%,9800000.0,39600000000.0
CSCO,Cisco Systems Inc,0.41%,47700000.0,39600000000.0
ACN,Accenture PLC Class A,0.41%,7400000.0,39600000000.0
MCD,McDonald's Corp,0.40%,8500000.0,39600000000.0
DIS,The Walt Disney Co,0.40%,21500000.0,39600000000.0
ABT,Abbott Laboratories,0.39%,20500000.0,39600000000.0
INTU,Intuit Inc,0.39%,3300000.0,39600000000.0
GE,GE Aerospace,0.38%,12900000.0,39600000000.0
TXN,Texas Instruments Inc,0.38%,10700000.0,39600000000.0
VZ,Verizon Communications Inc,0.37%,49500000.0,39600000000.0
AMGN,Amgen Inc,0.36%,6300000.0,39600000000.0
DHR,Danaher Corp,0.36%,7800000.0,39600000000.0
CAT,Caterpillar Inc,0.35%,5800000.0,39600000000.0
ISRG,Intuitive Surgical Inc,0.34%,4200000.0,39600000000.0
IBM,International Business Machines Corp,0.34%,10800000.0,39600000000.0
NOW,ServiceNow Inc,0.34%,2400000.0,39600000000.0
PFE,Pfizer Inc,0.34%,66500000.0,39600000000.0
PM,Philip Morris International Inc,0.34%,18300000.0,39600000000.0
MU,Micron Technology Inc,0.34%,13000000.0,39600000000.0
NEE,NextEra Energy Inc,0.33%,24200000.0,39600000000.0
UBER,Uber Technologies Inc,0.32%,24600000.0,39600000000.0
GS,The Goldman Sachs Group Inc,0.32%,3800000.0,39600000000.0
CMCSA,Comcast Corp Class A,0.32%,46100000.0,39600000000.0
SPGI,S&P Global Inc,0.31%,3800000.0,39600000000.0
UNP,Union Pacific Corp,0.30%,7200000.0,1600000000.0
HON,Honeywell International Inc,0.30%,7700000.0,1600000000.0
LRCX,Lam Research Corp,0.30%,1500000.0,1600000000.0
COP,ConocoPhillips,0.29%,13800000.0,1600000000.0
T,AT&T Inc,0.29%,84300000.0,1600000000.0
BKNG,Booking Holdings Inc,0.29%,399700.0,1600000000.0
RTX,RTX Corp,0.29%,15600000.0,1600000000.0
AXP,American Express Co,0.28%,6700000.0,1600000000.0
INTC,Intel Corp,0.28%,49900000.0,1600000000.0
LOW,Lowe's Companies Inc,0.27%,6700000.0,1600000000.0
--,Us Dollar,0.27%,1500000000.0,1600000000.0
ELV,Elevance Health Inc,0.27%,2700000.0,1600000000.0
TJX,TJX Companies Inc,0.27%,13300000.0,1600000000.0
ETN,Eaton Corp PLC,0.27%,4700000.0,1600000000.0
VRTX,Vertex Pharmaceuticals Inc,0.26%,3000000.0,1600000000.0
PGR,Progressive Corp,0.26%,6900000.0,1600000000.0
MS,Morgan Stanley,0.26%,14800000.0,1600000000.0
NKE,Nike Inc Class B,0.25%,14300000.0,1600000000.0
REGN,Regeneron Pharmaceuticals Inc,0.25%,1200000.0,1600000000.0
SYK,Stryker Corp,0.25%,4000000.0,1600000000.0
ADI,Analog Devices Inc,0.25%,5800000.0,1600000000.0
C,Citigroup Inc,0.25%,22400000.0,1600000000.0
BSX,Boston Scientific Corp,0.24%,17300000.0,1600000000.0
BLK,BlackRock Inc,0.24%,1600000.0,1600000000.0
KLAC,KLA Corp,0.24%,1600000.0,1600000000.0
SCHW,Charles Schwab Corp,0.24%,17500000.0,1600000000.0
PANW,Palo Alto Networks Inc,0.23%,3800000.0,1600000000.0
MMC,Marsh & McLennan Companies Inc,0.23%,5800000.0,1600000000.0
MDT,Medtronic PLC,0.23%,15700000.0,1600000000.0
CB,Chubb Ltd,0.23%,4800000.0,1600000000.0
UPS,United Parcel Service Inc Class B,0.22%,8500000.0,1600000000.0
LMT,Lockheed Martin Corp,0.22%,2500000.0,1600000000.0
PLD,Prologis Inc,0.22%,10900000.0,1600000000.0
BA,Boeing Co,0.22%,6800000.0,1600000000.0
ADP,Automatic Data Processing Inc,0.21%,4800000.0,1600000000.0
DE,Deere & Co,0.21%,3100000.0,1600000000.0
CI,The Cigna Group,0.21%,3300000.0,1600000000.0
CMG,Chipotle Mexican Grill Inc,0.20%,16200000.0,1600000000.0
SNPS,Synopsys Inc,0.20%,1800000.0,1600000000.0
TMUS,T-Mobile US Inc,0.20%,6100000.0,1600000000.0
SO,Southern Co,0.19%,12900000.0,1600000000.0
SBUX,Starbucks Corp,0.19%,13300000.0,1600000000.0
MDLZ,Mondelez International Inc Class A,0.19%,15900000.0,1600000000.0
CRWD,CrowdStrike Holdings Inc Class A,0.19%,2700000.0,1600000000.0
BMY,Bristol-Myers Squibb Co,0.19%,24000000.0,1600000000.0
BX,Blackstone Inc,0.19%,8400000.0,1600000000.0
AMT,American Tower Corp,0.19%,5500000.0,1600000000.0
GILD,Gilead Sciences Inc,0.19%,14700000.0,1600000000.0
FI,Fiserv Inc,0.19%,6900000.0,1600000000.0
ANET,Arista Networks Inc,0.18%,3000000.0,1600000000.0
CL,Colgate-Palmolive Co,0.18%,9700000.0,1600000000.0
CDNS,Cadence Design Systems Inc,0.18%,3200000.0,1600000000.0
CVS,CVS Health Corp,0.17%,14800000.0,1600000000.0
APH,Amphenol Corp Class A,0.17%,14100000.0,1600000000.0
MO,Altria Group Inc,0.17%,20200000.0,1600000000.0
DUK,Duke Energy Corp,0.17%,9100000.0,1600000000.0
ICE,Intercontinental Exchange Inc,0.17%,6700000.0,1600000000.0
MCK,McKesson Corp,0.17%,1500000.0,1600000000.0
ZTS,Zoetis Inc Class A,0.17%,5400000.0,1600000000.0
WM,Waste Management Inc,0.17%,4300000.0,1600000000.0
TDG,TransDigm Group Inc,0.16%,651900.0,848100000.0
TT,Trane Technologies PLC Class A,0.16%,2700000.0,848100000.0
EOG,EOG Resources Inc,0.16%,6800000.0,848100000.0
EQIX,Equinix Inc,0.15%,1100000.0,848100000.0
FCX,Freeport-McMoRan Inc,0.15%,16900000.0,848100000.0
FDX,FedEx Corp,0.15%,2700000.0,848100000.0
KKR,KKR & Co Inc Ordinary Shares,0.15%,7800000.0,848100000.0
BDX,Becton Dickinson & Co,0.15%,3400000.0,848100000.0
CME,CME Group Inc Class A,0.15%,4200000.0,848100000.0
NXPI,NXP Semiconductors NV,0.15%,3000000.0,848100000.0
SHW,Sherwin-Williams Co,0.15%,2700000.0,848100000.0
TGT,Target Corp,0.15%,5400000.0,848100000.0
SLB,Schlumberger Ltd,0.14%,16800000.0,848100000.0
MCO,Moody's Corporation,0.14%,1900000.0,848100000.0
MSI,Motorola Solutions Inc,0.14%,2000000.0,848100000.0
PH,Parker Hannifin Corp,0.14%,1500000.0,848100000.0
AON,Aon PLC Class A,0.14%,2600000.0,848100000.0
CSX,CSX Corp,0.14%,23000000.0,848100000.0
CEG,Constellation Energy Corp,0.14%,3700000.0,848100000.0
ABNB,Airbnb Inc Ordinary Shares - Class A,0.14%,5200000.0,848100000.0
ITW,Illinois Tool Works Inc,0.14%,3200000.0,848100000.0
GD,General Dynamics Corp,0.14%,2700000.0,848100000.0
HCA,HCA Healthcare Inc,0.14%,2300000.0,848100000.0
ECL,Ecolab Inc,0.13%,3000000.0,848100000.0
EMR,Emerson Electric Co,0.13%,6700000.0,848100000.0
APD,Air Products & Chemicals Inc,0.13%,2600000.0,848100000.0
CTAS,Cintas Corp,0.13%,1000000.0,848100000.0
WELL,Welltower Inc,0.13%,7000000.0,848100000.0
USB,U.S. Bancorp,0.13%,18300000.0,848100000.0
PNC,PNC Financial Services Group Inc,0.13%,4700000.0,848100000.0
ORLY,O'Reilly Automotive Inc,0.13%,697100.0,848100000.0
NOC,Northrop Grumman Corp,0.13%,1600000.0,848100000.0
MPC,Marathon Petroleum Corp,0.13%,4200000.0,848100000.0
MAR,Marriott International Inc Class A,0.13%,2800000.0,848100000.0
PSX,Phillips 66,0.13%,5000000.0,848100000.0
PYPL,PayPal Holdings Inc,0.13%,12300000.0,848100000.0
ROP,Roper Technologies Inc,0.13%,1300000.0,848100000.0
PCAR,PACCAR Inc,0.12%,6200000.0,848100000.0
MMM,3M Co,0.12%,6500000.0,848100000.0
EW,Edwards Lifesciences Corp,0.12%,7100000.0,848100000.0
AJG,Arthur J. Gallagher & Co,0.12%,2500000.0,848100000.0
HLT,Hilton Worldwide Holdings Inc,0.12%,3000000.0,848100000.0
GEV,GE Vernova Inc,0.11%,3200000.0,848100000.0
GM,General Motors Co,0.11%,13400000.0,848100000.0
CARR,Carrier Global Corp Ordinary Shares,0.11%,9900000.0,848100000.0
COF,Capital One Financial Corp,0.11%,4500000.0,848100000.0
AIG,American International Group Inc,0.11%,7800000.0,848100000.0
ADSK,Autodesk Inc,0.11%,2500000.0,848100000.0
AZO,AutoZone Inc,0.11%,203800.0,848100000.0
TFC,Truist Financial Corp,0.11%,15700000.0,848100000.0
VLO,Valero Energy Corp,0.11%,3900000.0,848100000.0
WMB,Williams Companies Inc,0.11%,14300000.0,848100000.0
MCHP,Microchip Technology Inc,0.11%,6400000.0,848100000.0
ROST,Ross Stores Inc,0.11%,4000000.0,848100000.0
O,Realty Income Corp,0.10%,10300000.0,848100000.0
PSA,Public Storage,0.10%,1900000.0,848100000.0
SPG,Simon Property Group Inc,0.10%,3800000.0,848100000.0
SRE,Sempra,0.10%,7400000.0,848100000.0
OKE,ONEOK Inc,0.10%,6900000.0,848100000.0
NSC,Norfolk Southern Corp,0.10%,2700000.0,848100000.0
NEM,Newmont Corp,0.10%,13600000.0,563600000.0
JCI,Johnson Controls International PLC,0.10%,8000000.0,563600000.0
TRV,The Travelers Companies Inc,0.10%,2700000.0,563600000.0
TEL,TE Connectivity Ltd,0.10%,3600000.0,563600000.0
BK,Bank of New York Mellon Corp,0.10%,8800000.0,563600000.0
AEP,American Electric Power Co Inc,0.10%,6200000.0,563600000.0
AFL,Aflac Inc,0.10%,6100000.0,563600000.0
CPRT,Copart Inc,0.10%,10300000.0,563600000.0
DXCM,DexCom Inc,0.10%,4700000.0,563600000.0
F,Ford Motor Co,0.10%,46000000.0,563600000.0
DLR,Digital Realty Trust Inc,0.10%,3800000.0,563600000.0
KMB,Kimberly-Clark Corp,0.10%,4000000.0,563600000.0
LHX,L3Harris Technologies Inc,0.09%,2200000.0,563600000.0
HES,Hess Corp,0.09%,3300000.0,563600000.0
GWW,W.W. Grainger Inc,0.09%,520400.0,563600000.0
HUM,Humana Inc,0.09%,1400000.0,563600000.0
IDXX,IDEXX Laboratories Inc,0.09%,980000.0,563600000.0
D,Dominion Energy Inc,0.09%,9900000.0,563600000.0
FIS,Fidelity National Information Services I...,0.09%,6600000.0,563600000.0
CCI,Crown Castle Inc,0.09%,5100000.0,563600000.0
DHI,D.R. Horton Inc,0.09%,3500000.0,563600000.0
STZ,Constellation Brands Inc Class A,0.09%,1900000.0,563600000.0
ALL,Allstate Corp,0.09%,3100000.0,563600000.0
COR,Cencora Inc,0.09%,2000000.0,563600000.0
AMP,Ameriprise Financial Inc,0.09%,1200000.0,563600000.0
URI,United Rentals Inc,0.09%,791400.0,563600000.0
OXY,Occidental Petroleum Corp,0.09%,7800000.0,563600000.0
MRNA,Moderna Inc,0.09%,3900000.0,563600000.0
MET,MetLife Inc,0.09%,7000000.0,563600000.0
SMCI,Super Micro Computer Inc,0.09%,593500.0,563600000.0
PRU,Prudential Financial Inc,0.09%,4300000.0,563600000.0
RSG,Republic Services Inc,0.09%,2400000.0,563600000.0
PWR,Quanta Services Inc,0.08%,1700000.0,563600000.0
PEG,Public Service Enterprise Group Inc,0.08%,5900000.0,563600000.0
SYY,Sysco Corp,0.08%,5900000.0,563600000.0
MSCI,MSCI Inc,0.08%,932600.0,563600000.0
MPWR,Monolithic Power Systems Inc,0.08%,564400.0,563600000.0
MNST,Monster Beverage Corp,0.08%,8400000.0,563600000.0
OTIS,Otis Worldwide Corp Ordinary Shares,0.08%,4800000.0,563600000.0
PCG,PG&E Corp,0.08%,25200000.0,563600000.0
PAYX,Paychex Inc,0.08%,3800000.0,563600000.0
NUE,Nucor Corp,0.08%,2800000.0,563600000.0
VRSK,Verisk Analytics Inc,0.08%,1700000.0,563600000.0
ACGL,Arch Capital Group Ltd,0.08%,4400000.0,563600000.0
YUM,Yum Brands Inc,0.08%,3300000.0,563600000.0
RCL,Royal Caribbean Group,0.08%,2800000.0,563600000.0
AME,AMETEK Inc,0.08%,2700000.0,563600000.0
A,Agilent Technologies Inc,0.08%,3400000.0,563600000.0
BKR,Baker Hughes Co Class A,0.08%,11800000.0,563600000.0
CTVA,Corteva Inc,0.08%,8300000.000000001,563600000.0
CMI,Cummins Inc,0.08%,1600000.0,563600000.0
FANG,Diamondback Energy Inc,0.08%,2100000.0,563600000.0
CNC,Centene Corp,0.08%,6300000.0,563600000.0
FICO,Fair Isaac Corp,0.08%,291300.0,563600000.0
FAST,Fastenal Co,0.08%,6700000.0,563600000.0
FTNT,Fortinet Inc,0.08%,7500000.0,563600000.0
GIS,General Mills Inc,0.08%,6700000.0,563600000.0
IT,Gartner Inc,0.08%,918400.0,563600000.0
DOW,Dow Inc,0.08%,8300000.000000001,563600000.0
EXC,Exelon Corp,0.08%,11700000.0,563600000.0
IR,Ingersoll Rand Inc,0.08%,4800000.0,428600000.0
LULU,Lululemon Athletica Inc,0.08%,1400000.0,428600000.0
LEN,Lennar Corp Class A,0.08%,2900000.0,428600000.0
KMI,Kinder Morgan Inc Class P,0.08%,22800000.0,428600000.0
KVUE,Kenvue Inc,0.08%,22600000.0,428600000.0
KDP,Keurig Dr Pepper Inc,0.08%,12300000.0,428600000.0
IQV,IQVIA Holdings Inc,0.08%,2200000.0,428600000.0
KR,The Kroger Co,0.07%,7700000.0,428600000.0
HWM,Howmet Aerospace Inc,0.07%,4600000.0,428600000.0
DD,DuPont de Nemours Inc,0.07%,4900000.0,428600000.0
EA,Electronic Arts Inc,0.07%,2900000.0,428600000.0
HPQ,HP Inc,0.07%,10200000.0,428600000.0
HAL,Halliburton Co,0.07%,10500000.0,428600000.0
HIG,The Hartford Financial Services Group In...,0.07%,3500000.0,428600000.0
GEHC,GE HealthCare Technologies Inc Common St...,0.07%,5000000.0,428600000.0
EXR,Extra Space Storage Inc,0.07%,2500000.0,428600000.0
DAL,Delta Air Lines Inc,0.07%,7600000.0,428600000.0
DVN,Devon Energy Corp,0.07%,7600000.0,428600000.0
DFS,Discover Financial Services,0.07%,3000000.0,428600000.0
ED,Consolidated Edison Inc,0.07%,4099999.9999999995,428600000.0
CTSH,Cognizant Technology Solutions Corp Clas...,0.07%,5900000.0,428600000.0
ADM,Archer-Daniels Midland Co,0.07%,5800000.0,428600000.0
BIIB,Biogen Inc,0.07%,1700000.0,428600000.0
XYL,Xylem Inc,0.07%,2800000.0,428600000.0
VMC,Vulcan Materials Co,0.07%,1600000.0,428600000.0
ODFL,Old Dominion Freight Line Inc Ordinary S...,0.07%,2100000.0,428600000.0
MLM,Martin Marietta Materials Inc,0.07%,729000.0,428600000.0
MTD,Mettler-Toledo International Inc,0.07%,254600.0,428600000.0
ROK,Rockwell Automation Inc,0.07%,1400000.0,428600000.0
RMD,ResMed Inc,0.06%,1700000.0,428600000.0
TROW,T. Rowe Price Group Inc,0.06%,2600000.0,428600000.0
TRGP,Targa Resources Corp,0.06%,2600000.0,428600000.0
ON,ON Semiconductor Corp,0.06%,5100000.0,428600000.0
PPG,PPG Industries Inc,0.06%,2800000.0,428600000.0
NTAP,NetApp Inc,0.06%,2400000.0,428600000.0
VST,Vistra Corp,0.06%,3800000.0,428600000.0
VICI,VICI Properties Inc Ordinary Shares,0.06%,12200000.0,428600000.0
TSCO,Tractor Supply Co,0.06%,1300000.0,428600000.0
XEL,Xcel Energy Inc,0.06%,6500000.0,428600000.0
WAB,Westinghouse Air Brake Technologies Corp,0.06%,2100000.0,428600000.0
WTW,Willis Towers Watson PLC,0.06%,1200000.0,428600000.0
AVB,AvalonBay Communities Inc,0.06%,1700000.0,428600000.0
ANSS,Ansys Inc,0.06%,1000000.0,428600000.0
CHTR,Charter Communications Inc Class A,0.06%,1200000.0,428600000.0
GLW,Corning Inc,0.06%,9000000.0,428600000.0
DG,Dollar General Corp,0.06%,2600000.0,428600000.0
CSGP,CoStar Group Inc,0.06%,4800000.0,428600000.0
CHD,Church & Dwight Co Inc,0.06%,2900000.0,428600000.0
CBRE,CBRE Group Inc Class A,0.06%,3500000.0,428600000.0
CDW,CDW Corp,0.06%,1600000.0,428600000.0
FSLR,First Solar Inc,0.06%,1300000.0,428600000.0
FTV,Fortive Corp,0.06%,4099999.9999999995,428600000.0
EIX,Edison International,0.06%,4500000.0,428600000.0
EBAY,eBay Inc,0.06%,6000000.0,428600000.0
EFX,Equifax Inc,0.06%,1400000.0,428600000.0
HSY,The Hershey Co,0.06%,1800000.0,428600000.0
HPE,Hewlett Packard Enterprise Co,0.06%,15100000.0,428600000.0
EL,The Estee Lauder Companies Inc Class A,0.06%,2700000.0,428600000.0
IRM,Iron Mountain Inc,0.06%,3400000.0,428600000.0
KHC,The Kraft Heinz Co,0.06%,9400000.0,428600000.0
KEYS,Keysight Technologies Inc,0.05%,2100000.0,279800000.0
MTB,M&T Bank Corp,0.05%,2000000.0,279800000.0
IFF,International Flavors & Fragrances Inc,0.05%,3000000.0,279800000.0
ETR,Entergy Corp,0.05%,2500000.0,279800000.0
EQR,Equity Residential,0.05%,4000000.0,279800000.0
DOV,Dover Corp,0.05%,1600000.0,279800000.0
DECK,Deckers Outdoor Corp,0.05%,302600.0,279800000.0
FITB,Fifth Third Bancorp,0.05%,8000000.0,279800000.0
GPN,Global Payments Inc,0.05%,3000000.0,279800000.0
CAH,Cardinal Health Inc,0.05%,2900000.0,279800000.0
DTE,DTE Energy Co,0.05%,2400000.0,279800000.0
DLTR,Dollar Tree Inc,0.05%,2500000.0,279800000.0
AWK,American Water Works Co Inc,0.05%,2300000.0,279800000.0
STE,Steris PLC,0.05%,1200000.0,279800000.0
BR,Broadridge Financial Solutions Inc,0.05%,1400000.0,279800000.0
BRO,Brown & Brown Inc,0.05%,2800000.0,279800000.0
LYB,LyondellBasell Industries NV Class A,0.05%,3000000.0,279800000.0
GRMN,Garmin Ltd,0.05%,1800000.0,279800000.0
WST,West Pharmaceutical Services Inc,0.05%,871600.0,279800000.0
WDC,Western Digital Corp,0.05%,3800000.0,279800000.0
ZBH,Zimmer Biomet Holdings Inc,0.05%,2500000.0,279800000.0
TER,Teradyne Inc,0.05%,1800000.0,279800000.0
WEC,WEC Energy Group Inc,0.05%,3700000.0,279800000.0
VLTO,Veralto Corp,0.05%,2600000.0,279800000.0
NVR,NVR Inc,0.05%,37500.0,279800000.0
NDAQ,Nasdaq Inc,0.05%,4500000.0,279800000.0
TTWO,Take-Two Interactive Software Inc,0.05%,1900000.0,279800000.0
STT,State Street Corporation,0.05%,3600000.0,279800000.0
SBAC,SBA Communications Corp Class A,0.05%,1300000.0,279800000.0
PHM,PulteGroup Inc,0.05%,2500000.0,279800000.0
PTC,PTC Inc,0.05%,1400000.0,279800000.0
RJF,Raymond James Financial Inc,0.05%,2200000.0,279800000.0
RF,Regions Financial Corp,0.04%,11000000.0,279800000.0
PFG,Principal Financial Group Inc,0.04%,2600000.0,279800000.0
SWKS,Skyworks Solutions Inc,0.04%,1900000.0,279800000.0
STLD,Steel Dynamics Inc,0.04%,1700000.0,279800000.0
LUV,Southwest Airlines Co,0.04%,7000000.0,279800000.0
SYF,Synchrony Financial,0.04%,4800000.0,279800000.0
TDY,Teledyne Technologies Inc,0.04%,554800.0,279800000.0
TXT,Textron Inc,0.04%,2300000.0,279800000.0
NTRS,Northern Trust Corp,0.04%,2400000.0,279800000.0
PPL,PPL Corp,0.04%,8700000.0,279800000.0
PKG,Packaging Corp of America,0.04%,1100000.0,279800000.0
OMC,Omnicom Group Inc,0.04%,2300000.0,279800000.0
MKC,McCormick & Co Inc Registered Shs Non Vt...,0.04%,3000000.0,279800000.0
NRG,NRG Energy Inc,0.04%,2500000.0,279800000.0
MOH,Molina Healthcare Inc,0.04%,685700.0,279800000.0
MAA,Mid-America Apartment Communities Inc,0.04%,1400000.0,279800000.0
VTR,Ventas Inc,0.04%,4700000.0,279800000.0
ULTA,Ulta Beauty Inc,0.04%,576600.0,279800000.0
TYL,Tyler Technologies Inc,0.04%,492300.0,279800000.0
TSN,Tyson Foods Inc Class A,0.04%,3400000.0,279800000.0
EG,Everest Group Ltd,0.04%,508600.0,279800000.0
APTV,Aptiv PLC,0.04%,3200000.0,279800000.0
WY,Weyerhaeuser Co,0.04%,8600000.0,279800000.0
WAT,Waters Corp,0.04%,697700.0,279800000.0
STX,Seagate Technology Holdings PLC,0.04%,2300000.0,279800000.0
BAX,Baxter International Inc,0.04%,6000000.0,279800000.0
WRB,WR Berkley Corp,0.04%,2400000.0,279800000.0
BBY,Best Buy Co Inc,0.04%,2300000.0,279800000.0
AVY,Avery Dennison Corp,0.04%,951700.0,213200000.0
AXON,Axon Enterprise Inc,0.04%,831800.0,213200000.0
BALL,Ball Corp,0.04%,3700000.0,213200000.0
ATO,Atmos Energy Corp,0.04%,1800000.0,213200000.0
ARE,Alexandria Real Estate Equities Inc,0.04%,1800000.0,213200000.0
ALGN,Align Technology Inc,0.04%,840200.0,213200000.0
AEE,Ameren Corp,0.04%,3100000.0,213200000.0
DRI,Darden Restaurants Inc,0.04%,1400000.0,213200000.0
CPAY,Corpay Inc,0.04%,828100.0,213200000.0
COO,The Cooper Companies Inc,0.04%,2300000.0,213200000.0
CFG,Citizens Financial Group Inc,0.04%,5500000.0,213200000.0
CLX,Clorox Co,0.04%,1500000.0,213200000.0
CTRA,Coterra Energy Inc Ordinary Shares,0.04%,8900000.0,213200000.0
CMS,CMS Energy Corp,0.04%,3400000.0,213200000.0
BLDR,Builders FirstSource Inc,0.04%,1500000.0,213200000.0
CBOE,Cboe Global Markets Inc,0.04%,1200000.0,213200000.0
CINF,Cincinnati Financial Corp,0.04%,1900000.0,213200000.0
CNP,CenterPoint Energy Inc,0.04%,7500000.0,213200000.0
CCL,Carnival Corp,0.04%,11900000.0,213200000.0
GDDY,GoDaddy Inc Class A,0.04%,1700000.0,213200000.0
GPC,Genuine Parts Co,0.04%,1700000.0,213200000.0
FE,FirstEnergy Corp,0.04%,6100000.0,213200000.0
DPZ,Domino's Pizza Inc,0.04%,411100.0,213200000.0
EQT,EQT Corp,0.04%,5200000.0,213200000.0
ESS,Essex Property Trust Inc,0.04%,757300.0,213200000.0
EXPE,Expedia Group Inc,0.04%,1500000.0,213200000.0
EXPD,Expeditors International of Washington I...,0.04%,1700000.0,213200000.0
ES,Eversource Energy,0.04%,4099999.9999999995,213200000.0
EG,Everest Group Ltd,0.04%,508600.0,213200000.0
WY,Weyerhaeuser Co,0.04%,8600000.0,213200000.0
HBAN,Huntington Bancshares Inc,0.04%,16900000.0,213200000.0
HOLX,Hologic Inc,0.04%,2800000.0,213200000.0
HUBB,Hubbell Inc,0.04%,631700.0,213200000.0
IP,International Paper Co,0.04%,4099999.9999999995,213200000.0
INVH,Invitation Homes Inc,0.04%,6800000.0,213200000.0
STX,Seagate Technology Holdings PLC,0.04%,2300000.0,213200000.0
APTV,Aptiv PLC,0.04%,3200000.0,213200000.0
AMCR,Amcor PLC Ordinary Shares,0.03%,17000000.0,213200000.0
PNR,Pentair PLC,0.03%,1900000.0,213200000.0
BG,Bunge Global SA,0.03%,1700000.0,213200000.0
PODD,Insulet Corp,0.03%,824100.0,213200000.0
IEX,IDEX Corp,0.03%,886900.0,213200000.0
JBHT,JB Hunt Transport Services Inc,0.03%,961400.0,213200000.0
HST,Host Hotels & Resorts Inc,0.03%,8300000.000000001,213200000.0
DOC,Healthpeak Properties Inc,0.03%,8300000.000000001,213200000.0
JKHY,Jack Henry & Associates Inc,0.03%,860400.0,213200000.0
ZBRA,Zebra Technologies Corp Class A,0.03%,605100.0,213200000.0
EVRG,Evergy Inc,0.03%,2700000.0,213200000.0
FDS,FactSet Research Systems Inc,0.03%,447700.0,213200000.0
EMN,Eastman Chemical Co,0.03%,1400000.0,213200000.0
ENPH,Enphase Energy Inc,0.03%,1600000.0,213200000.0
CE,Celanese Corp Class A,0.03%,1200000.0,213200000.0
CF,CF Industries Holdings Inc,0.03%,2200000.0,213200000.0
KMX,CarMax Inc,0.03%,1900000.0,213200000.0
CPT,Camden Property Trust,0.03%,1300000.0,213200000.0
CAG,Conagra Brands Inc,0.03%,5600000.0,213200000.0
LNT,Alliant Energy Corp,0.03%,3000000.0,213200000.0
AKAM,Akamai Technologies Inc,0.03%,1800000.0,213200000.0
ALB,Albemarle Corp,0.03%,1400000.0,213200000.0
AES,The AES Corp,0.03%,7900000.0,213200000.0
ALB,Albemarle Corp,0.03%,1400000.0,138800000.0
AES,The AES Corp,0.03%,7900000.0,138800000.0
PNR,Pentair PLC,0.03%,1900000.0,138800000.0
BG,Bunge Global SA,0.03%,1700000.0,138800000.0
ZBRA,Zebra Technologies Corp Class A,0.03%,605100.0,138800000.0
WRK,WestRock Co,0.03%,3000000.0,138800000.0
WBD,Warner Bros. Discovery Inc Ordinary Shar...,0.03%,26200000.0,138800000.0
AMCR,Amcor PLC Ordinary Shares,0.03%,17000000.0,138800000.0
UDR,UDR Inc,0.03%,3600000.0,138800000.0
TRMB,Trimble Inc,0.03%,2900000.0,138800000.0
UAL,United Airlines Holdings Inc,0.03%,3900000.0,138800000.0
UHS,Universal Health Services Inc Class B,0.03%,718300.0,138800000.0
VRSN,VeriSign Inc,0.03%,1000000.0,138800000.0
VTRS,Viatris Inc,0.03%,14200000.0,138800000.0
MAS,Masco Corp,0.03%,2600000.0,138800000.0
MRO,Marathon Oil Corp,0.03%,6600000.0,138800000.0
L,Loews Corp,0.03%,2200000.0,138800000.0
GEN,Gen Digital Inc,0.03%,6600000.0,138800000.0
NI,NiSource Inc,0.03%,5300000.0,138800000.0
NDSN,Nordson Corp,0.03%,635300.0,138800000.0
SWK,Stanley Black & Decker Inc,0.03%,1800000.0,138800000.0
SNA,Snap-on Inc,0.03%,624200.0,138800000.0
RVTY,Revvity Inc,0.03%,1500000.0,138800000.0
ROL,Rollins Inc,0.03%,3300000.0,138800000.0
POOL,Pool Corp,0.03%,455800.0,138800000.0
DGX,Quest Diagnostics Inc,0.03%,1300000.0,138800000.0
RL,Ralph Lauren Corp Class A,0.02%,468100.0,138800000.0
REG,Regency Centers Corp,0.02%,1900000.0,138800000.0
PNW,Pinnacle West Capital Corp,0.02%,1300000.0,138800000.0
QRVO,Qorvo Inc,0.02%,1100000.0,138800000.0
SOLV,Solventum Corp,0.02%,1600000.0,138800000.0
AOS,A.O. Smith Corp,0.02%,1400000.0,138800000.0
SJM,JM Smucker Co,0.02%,1200000.0,138800000.0
HSIC,Henry Schein Inc,0.02%,1500000.0,138800000.0
TFX,Teleflex Inc,0.02%,555200.0,138800000.0
TPR,Tapestry Inc,0.02%,2700000.0,138800000.0
NWSA,News Corp Class A,0.02%,4500000.0,138800000.0
MKTX,MarketAxess Holdings Inc,0.02%,442900.0,138800000.0
MTCH,Match Group Inc,0.02%,3200000.0,138800000.0
TAP,Molson Coors Beverage Co Shs -B- Non-Vot...,0.02%,2200000.0,138800000.0
MOS,The Mosaic Co,0.02%,3800000.0,138800000.0
NCLH,Norwegian Cruise Line Holdings Ltd,0.02%,4900000.0,138800000.0
ALLE,Allegion PLC,0.02%,1000000.0,138800000.0
WBA,Walgreens Boots Alliance Inc,0.02%,8500000.0,138800000.0
WYNN,Wynn Resorts Ltd,0.02%,1100000.0,138800000.0
AAL,American Airlines Group Inc,0.02%,7700000.0,138800000.0
AIZ,Assurant Inc,0.02%,619700.0,138800000.0
APA,APA Corp,0.02%,4200000.0,138800000.0
BBWI,Bath & Body Works Inc,0.02%,2700000.0,138800000.0
TECH,Bio-Techne Corp,0.02%,1900000.0,138800000.0
BWA,BorgWarner Inc,0.02%,2800000.0,138800000.0
BXP,Boston Properties Inc,0.02%,1700000.0,138800000.0
BF/B,Brown-Forman Corp Registered Shs -B- Non...,0.02%,2100000.0,138800000.0
DVA,DaVita Inc,0.02%,635300.0,138800000.0
CPB,Campbell Soup Co,0.02%,2300000.0,138800000.0
CZR,Caesars Entertainment Inc,0.02%,2500000.0,138800000.0
CHRW,C.H. Robinson Worldwide Inc,0.02%,1400000.0,138800000.0
CTLT,Catalent Inc,0.02%,2100000.0,138800000.0
DAY,Dayforce Inc,0.02%,1800000.0,138800000.0
CRL,Charles River Laboratories International...,0.02%,602000.0,138800000.0
FMC,FMC Corp,0.02%,1500000.0,84100000.0
ETSY,Etsy Inc,0.02%,1400000.0,84100000.0
EPAM,EPAM Systems Inc,0.02%,675300.0,84100000.0
FOXA,Fox Corp Class A,0.02%,2900000.0,84100000.0
FRT,Federal Realty Investment Trust,0.02%,864800.0,84100000.0
FFIV,F5 Inc,0.02%,699900.0,84100000.0
GNRC,Generac Holdings Inc,0.02%,723900.0,84100000.0
GL,Globe Life Inc,0.02%,1000000.0,84100000.0
HAS,Hasbro Inc,0.02%,1500000.0,84100000.0
HII,Huntington Ingalls Industries Inc,0.02%,468700.0,84100000.0
WYNN,Wynn Resorts Ltd,0.02%,1100000.0,84100000.0
ALLE,Allegion PLC,0.02%,1000000.0,84100000.0
HRL,Hormel Foods Corp,0.02%,3400000.0,84100000.0
INCY,Incyte Corp,0.02%,2200000.0,84100000.0
IPG,The Interpublic Group of Companies Inc,0.02%,4500000.0,84100000.0
NCLH,Norwegian Cruise Line Holdings Ltd,0.02%,4900000.0,84100000.0
IVZ,Invesco Ltd,0.01%,5300000.0,84100000.0
FOX,Fox Corp Class B,0.01%,1600000.0,84100000.0
BEN,Franklin Resources Inc,0.01%,3300000.0,84100000.0
BIO,Bio-Rad Laboratories Inc Class A,0.01%,246200.0,84100000.0
PARA,Paramount Global Class B,0.01%,5700000.0,84100000.0
NWS,News Corp Class B,0.01%,1400000.0,84100000.0
PAYC,Paycom Software Inc,0.01%,574500.0,84100000.0
MHK,Mohawk Industries Inc,0.01%,605200.0,84100000.0
